adjective,useful,valid for pattern 4,pattern 4 type,valid for pattern 3
آبی,1,,,
آرام,1,1,speed,1
آستان,1,1,length,
آستین دراز,1,,,
آشکار,1,,,
آکبند,1,1,time,
آهسته,1,1,speed,1
ابتدایی,1,1,time,1
ارزان,1,,,
افسارگسیخته,1,,,1
انبوه,1,,,
اندک,1,,,1
انگیزش,1,1,energy,
اونجا,1,,,
ایستاده,1,1,speed,
ایستا,1,1,speed,1
بارش,1,,,
باریک,1,1,length,1
باریکی,1,,,
بازمان,1,,,
باستان,1,1,time,1
بکارنرفته,1,,,
بلند,1,1,length,1
بی‌وزن,1,1,force,1
پادساعتگرد,1,,,1
پت و پهن,1,1,area,1
پخ,1,1,area,1
پخش,1,1,area,1
پر,1,1,volume,1
پربار,1,,,
پرت,1,1,length,1
پرتاب,1,,,
پرش,1,,,
پرقدرت,1,1,force,1
پست,1,1,length,1
پهن,1,1,area,1
پهین,1,1,area,1
پوک,1,1,volume,1
پویا,1,1,speed,1
پیر,1,1,time,1
پیمایش,1,,,
پیمودنی,1,,,1
تاره,1,,,1
تاریک و روشن,1,,,
تازه,1,1,time,1
تمام‌عیار,1,,,
تن,1,,,
تندرو,1,1,speed,1
تنگ,1,1,area,1
تهی,1,1,volume,1
تیک تاک,1,,,
جست وخیز,1,,,
جهش,1,,,
جوش,1,1,temperature,1
جوشش,1,,,
جوشی,1,,,
چابک,1,1,speed,1
چالاک,1,1,speed,1
چرخان,1,1,torque,1
چرخنده,1,1,torque,1
چفت,1,,,
چمان,1,,,1
خارا,1,,,
خام,1,,,
خاموش,1,,,
خپله,1,,,1
خشک,1,,,
خم,1,,,
خمش,1,,,
خموش,1,,,
خنک,1,1,temperature,1
خوب,1,,,1
داخته,1,1,temperature,1
داغ,1,1,temperature,1
دبش,1,,,
درست‌وحسابی,1,,,1
دم سرد,1,1,temperature,1
دمان,1,,,
دوآتشه,1,1,temperature,1
دوبل,1,,,1
دون,1,1,length,
راست,1,,,
ربایش,1,1,force,1
روشن,1,,,
ریز,1,1,volume,1
ریزه,1,,,
زبر,1,,,
زبردست,1,,,
زبون,1,,,
زمانی,1,1,time,1
زمخت,1,,,
زور,1,1,force,
ژرف,1,1,length,1
ساده,1,,,
ساعتگرد,1,1,torque,
ساکت,1,,,
سال گردش,1,,,
سالانه,1,1,time,1
سایش,1,,,
سبک,1,1,force,1
سخت,1,,,
سر,1,,,
سُر,1,,,
سرایش,1,,,
سربار,1,,,
سرد,1,1,temperature,1
سره,1,,,
سریع,1,1,speed,1
سفت,1,,,
سنگین,1,1,force,1
سو,1,,,
سوختنی,1,,,
شل,1,,,
شیمیایی,1,,,1
صدایی,1,,,
صفرکیلومتر,1,1,time,
ضعیف,1,,,1
غلت,1,,,
غول‌آسا,1,1,volume,1
غول‌پیکر,1,1,volume,1
فت,1,,,
فتاده,1,,,
فراخه,1,,,
فراوان,1,,,1
فرز,1,1,speed,1
فرسایش,1,,,
فزایش,1,,,
فزون,1,,,
فسقلی,1,1,volume,1
فشارش,1,,,
قد,1,,,
قدرتمند,1,1,force,1
قوی,1,,,1
کاتوره,1,,,1
کاوش,1,,,
کشش,1,1,force,1
کلان,1,,,1
کلفت,1,1,length,1
کم,1,,,1
کمین,1,,,1
کمینه,1,,,1
کند,1,1,speed,1
کندآور,1,,,
کهنه,1,1,time,1
کوب,1,,,
کوچک,1,1,length,1
کوچولو,1,1,length,1
کور,1,,,
کیپ,1,,,
گداز,1,1,temperature,1
گدازش,1,,,
گذار,1,,,
گذشت,1,,,
گران,1,,,
گردش,1,,,
گرم,1,,,1
گرمازده,1,1,temperature,
گز,1,1,length,
گزاف,1,,,
گسترده,1,1,area,
گشاد,1,1,length,1
گنجایش,1,1,volume,
گنده,1,1,volume,1
گود,1,1,length,1
لال,1,,,
لخت,1,,,1
لخته,1,,,
لرزش,1,,,
لرزه,1,,,
لغزنده,1,,,1
لق,1,,,
لمس,1,,,
لنگ,1,,,1
له,1,,,
لیز,1,,,
مالش,1,,,
ماهواره,1,,,
معاصر,1,1,time,1
منقضی,1,1,time,1
موجان,1,,,1
ناتوان,1,,,
ناچیز,1,1,mass,1
نازک,1,1,length,1
نایاب,1,1,frequency,1
نشت,1,1,debi,
نمور,1,,,1
نیرومند,1,1,force,1
هم آهنگ,1,1,speed,1
هم پا,1,1,speed,1
هم ترازو,1,,,
هم رس,1,,,
هم سنگ,1,1,force,1
هم طراز,1,1,length,1
همتا,1,,,
هنگفت,1,,,1
ول,1,,,
ولرم,1,1,temperature,1
ولنگار,1,,,
یخ,1,1,temperature,1
یکه,1,,,1
طولانی,1,1,length,1
عریض,1,1,length,1
عمیق,1,1,length,1
مرتفع,1,1,length,1
ضخیم,1,1,length,1
قطور,1,1,length,1
دور,1,1,length,1
نزدیک,1,1,length,1
وسیع,1,1,length,1
دراز,1,1,length,1
کوتاه,1,1,length,1
بزرگ,1,1,volume,1
حجیم,1,1,volume,1
زیاد,1,,,1
ظرفیت‌دار,1,1,volume,1
گنجایش‌دار,1,1,volume,1
جا‌دار,1,1,volume,1
تند,1,1,speed,1
تیز,1,1,speed,1
یواش,1,1,speed,1
ساکن,1,1,speed,1
ثابت,1,1,speed,1
متوقف,1,1,speed,1
پر‌توان,1,1,power,1
پر‌مصرف,1,1,power,1
چگال,1,1,density,1
شتاب‌دار,1,1,acceleration,1
پر‌شتاب,1,1,acceleration,1
تند شونده,1,1,acceleration,1
کند شونده,1,1,acceleration,1
پر‌حافظه,1,1,data-storage,1
بالا,1,1,length,1
پایین,1,1,length,1
آبخورش,0,,,
آبدار,0,,,
آبدستی,0,,,
آبست,0,,,
آبستن,0,,,
آبسته,0,,,
آبشت,0,,,
آب‌شناس,0,,,
آپارتی,0,,,
آتش‌گون,0,,,
آتش‌ناک,0,,,
آتشين,0,,,
آجین,0,,,
آخ,0,,,
آخوند,0,,,
آدخ,0,,,
آذربایجانی,0,,,
آذری,0,,,
آرامش,0,,,
آرایش,0,,,
آرغده,0,,,
آرغنده,0,,,
آریاییان,0,,,
آزادی بخش,0,,,
آزمایه,0,,,
آزناک,0,,,
آژدار,0,,,
آژیر,0,,,
آس و پاس,0,,,
آستین سر خود,0,,,
آسموغ,0,,,
آسیابان,0,,,
آسیمه,0,,,
آسیون,0,,,
آشکاره,0,,,
آشگر,0,,,
آشوغ,0,,,
آغالش,0,,,
آغستن,0,,,
آفتاب نشین,0,,,
آفدم,0,,,
آگنده گوش,0,,,
آگون,0,,,
آلا,0,,,
آلاپلنگی,0,,,
آلایش,0,,,
آلپر,0,,,
آلغده,0,,,
آلفته,0,,,
آلمانی,0,,,
آله,0,,,
آماده,0,,,
آمخته,0,,,
آمد کار,0,,,
آمرزش,0,,,
آمون,0,,,
آمیزگاری,0,,,
آمیغه,0,,,
آهسته کار,0,,,
آهنگی,0,,,
آهنین,0,,,
آوار,0,,,
آواره,0,,,
آویزش,0,,,
آویژه,0,,,
ابرناک,0,,,
ابلوک,0,,,
ابیو,0,,,
اتکاناپذیر,0,,,
اجنبی,0,,,
اختروارون,0,,,
اخم و تخم,0,,,
اخمو,0,,,
ادهم,0,,,
ارتودوکس,0,,,
ارغنده,0,,,
ارغه,0,,,
ارغوانی,0,,,
ارغون,0,,,
ارقه,0,,,
ارگانیک,0,,,
ارمگان,0,,,
ارمنده,0,,,
اریش,0,,,
از بن گوش,0,,,
اژکان,0,,,
اژیر,0,,,
اسبید,0,,,
اسپری,0,,,
اسپید,0,,,
استان,0,,,
استبر,0,,,
استخوان دار,0,,,
استخوانی,0,,,
استرون,0,,,
استه,0,,,
استوارداشت,0,,,
استوه,0,,,
استیزه,0,,,
اسغده,0,,,
اسکل,0,,,
اسکیزه,0,,,
اسوار,0,,,
اشتردل,0,,,
اشکل,0,,,
اشکوخ,0,,,
اشکوخه,0,,,
اشن,0,,,
اشنوسه,0,,,
اصفهانی,0,,,
اعتماد به سقف,0,,,
اعتماد به نفس,0,,,
افد,0,,,
افدم,0,,,
افروزش,0,,,
افزایش,0,,,
افسار سر خود,0,,,
افگار,0,,,
اقرع,0,,,
اکرم,0,,,
الاغ,0,,,
الپر,0,,,
الدنگ,0,,,
الفنج,0,,,
الکن,0,,,
الکی,0,,,
امیدلیس,0,,,
امیر,0,,,
انبارش,0,,,
انباز,0,,,
انبازی,0,,,
انباغ,0,,,
انبره,0,,,
انبسته,0,,,
انجین,0,,,
انچوچک,0,,,
انداختنی,0,,,
انداز,0,,,
اندایش,0,,,
اندخس,0,,,
اندراختری,0,,,
اندرخور,0,,,
اندرکهکشانی,0,,,
اندیشناک,0,,,
اندیشه,0,,,
انر,0,,,
انسان,0,,,
انگشت رس,0,,,
انگشت نگاری,0,,,
انگشتال,0,,,
انگلیسى,0,,,
اهریمنی,0,,,
اهورایی,0,,,
اوبی,0,,,
اوروت,0,,,
اوست,0,,,
اویراه,0,,,
ایان,0,,,
ایتالیایی,0,,,
ایج,0,,,
ایرانی,0,,,
ایواز,0,,,
بآژیر,0,,,
بآیین,0,,,
با خود,0,,,
با دندان,0,,,
باانضباط,0,,,
باباشمل,0,,,
بادبر,0,,,
بار,0,,,
بازاری,0,,,
بازتاب,0,,,
بازگرد,0,,,
بازگفت,0,,,
بازنده,0,,,
بازیکن,0,,,
باستانی کار,0,,,
باسری,0,,,
باسکی,0,,,
باشی,0,,,
باصر,0,,,
باکره,0,,,
بالش,0,,,
بامی,0,,,
بانمک,0,,,
بایا,0,,,
باید,0,,,
ببر,0,,,
ببرگ,0,,,
بت‌پرست,0,,,
بتر,0,,,
بچگانه,0,,,
بچل,0,,,
بچه ننه,0,,,
بخت آفرید,0,,,
بخت آفرین,0,,,
بخت‌آفرید,0,,,
بخته,0,,,
بختور,0,,,
بخوبر,0,,,
بد,0,,,
بدآزمون,0,,,
بدآموزی,0,,,
بدحساب,0,,,
بددل,0,,,
بدریخت,0,,,
بدگونیا,0,,,
بدلهجه,0,,,
بده بستان,0,,,
بدون,0,,,
بدیمن,0,,,
بر,0,,,
بر در نشسته,0,,,
براق,0,,,
بران,0,,,
برانی,0,,,
بربسته,0,,,
برپا,0,,,
برجسته,0,,,
برخچ,0,,,
برخوردار,0,,,
برخی,0,,,
برروشن,0,,,
برش,0,,,
برش کار,0,,,
برکاست,0,,,
برگزار,0,,,
برگشته اختر,0,,,
برمال,0,,,
برناس,0,,,
برنده,0,,,
برهم بسته,0,,,
برومند,0,,,
بریان,0,,,
برینش,0,,,
بز خر,0,,,
بزدل,0,,,
بزرگ خوانده,0,,,
بژکول,0,,,
بس,0,,,
بس پاره,0,,,
بسباس,0,,,
بستاخ,0,,,
بستار,0,,,
بستک,0,,,
بسته میان,0,,,
بسنده,0,,,
بسنگ,0,,,
بسیجی,0,,,
بشار,0,,,
بشکول,0,,,
بشم,0,,,
بشول,0,,,
بشولش,0,,,
بغا,0,,,
بک ولک,0,,,
بکنک,0,,,
بگشن,0,,,
بگوبخند,0,,,
بگومگو,0,,,
بُل,0,,,
بلاده,0,,,
بلغده,0,,,
بلغندر,0,,,
بلفرخج,0,,,
بلند همت,0,,,
بنام,0,,,
بناور,0,,,
بنجل,0,,,
بنفش,0,,,
بنگار,0,,,
بهی,0,,,
بوجار,0,,,
بوز,0,,,
بوشهری,0,,,
بوقلمون‌صفت,0,,,
بی آلایش,0,,,
بی دست و پا,0,,,
بی دولتی,0,,,
بی هوده,0,,,
بیات,0,,,
بی‌امان,0,,,
بی‌پایاب,0,,,
بیجان,0,,,
بیچاره,0,,,
بیدار,0,,,
بیدخ,0,,,
بیدمال,0,,,
بیژه,0,,,
بیستم,0,,,
بی‌عیب,0,,,
بیفام,0,,,
بیمار,0,,,
بینش,0,,,
بی‌نقص,0,,,
بی‌هنجار,0,,,
بیواره,0,,,
بیوه,0,,,
پا درمیانی,0,,,
پاتال,0,,,
پاتیل,0,,,
پادواژه,0,,,
پار,0,,,
پارامونیک,0,,,
پاراو,0,,,
پارسى,0,,,
پارو,0,,,
پازش,0,,,
پاش,0,,,
پاک‌دل,0,,,
پالایش,0,,,
پالش,0,,,
پای داشتن,0,,,
پایسته,0,,,
پتی,0,,,
پچل,0,,,
پخچ,0,,,
پخس,0,,,
پخمه,0,,,
پذیرش,0,,,
پر افاده,0,,,
پر بودن,0,,,
پرپری,0,,,
پرده بازی,0,,,
پرس,0,,,
پرستش,0,,,
پرسه,0,,,
پرغونه,0,,,
پرکر,0,,,
پرکم,0,,,
پرکنده,0,,,
پرندین بر,0,,,
پرنور,0,,,
پروره,0,,,
پریش,0,,,
پزوایی,0,,,
پژولش,0,,,
پژوم,0,,,
پژوه,0,,,
پژوین,0,,,
پستک,0,,,
پسرخوانده,0,,,
پسغده,0,,,
پشام,0,,,
پشت دادن,0,,,
پشت میز نشین,0,,,
پشلنگ,0,,,
پشمالو,0,,,
پشه غال,0,,,
پشیم,0,,,
پفتال,0,,,
پفیوز,0,,,
پک,0,,,
پکر,0,,,
پکنه,0,,,
پلاس,0,,,
پلشت,0,,,
پلغده,0,,,
پلوخوری,0,,,
پلید,0,,,
پنتی,0,,,
پنجم,0,,,
پندنیوش,0,,,
پهلو,0,,,
پوچ,0,,,
پوده,0,,,
پوزش,0,,,
پوسانه,0,,,
پوشش,0,,,
پوشیده,0,,,
پولادسنب,0,,,
پوی,0,,,
پویه,0,,,
پی فشردن,0,,,
پیا,0,,,
پیاده,0,,,
پیان,0,,,
پیچ,0,,,
پیچش,0,,,
پیدا,0,,,
پیدایش,0,,,
پیراماهی,0,,,
پیرایش,0,,,
پیرایشگر,0,,,
پیرند,0,,,
پیروز,0,,,
پیروزروز,0,,,
پیزری,0,,,
پیزوری,0,,,
پیسه,0,,,
پیش اندیش,0,,,
پیش خور,0,,,
پیش فروش,0,,,
پیشدست,0,,,
پیش‌ستاره‌ای,0,,,
پیشه گانی,0,,,
پیمان کار,0,,,
تأزش,0,,,
تابش,0,,,
تاتول,0,,,
تاجیکی,0,,,
تار,0,,,
تاران,0,,,
تازی,0,,,
تازیک,0,,,
تاس,0,,,
تاسه,0,,,
تاشک,0,,,
تانگو,0,,,
تباه,0,,,
تبست,0,,,
تبش,0,,,
تبه,0,,,
تپش,0,,,
تپل,0,,,
تپنکوز,0,,,
تجا,0,,,
تخته قاپو,0,,,
تخس,0,,,
تر,0,,,
ترافرازنده,0,,,
تراوش,0,,,
ترد,0,,,
ترسایی,0,,,
ترسو,0,,,
ترفند,0,,,
ترکتازی,0,,,
تز,0,,,
تفت,0,,,
تفتان,0,,,
تفکی,0,,,
تق,0,,,
تک,0,,,
تک همسری,0,,,
تکرارپذیر,0,,,
تکیده,0,,,
تلاتوف,0,,,
تلان,0,,,
تلپ,0,,,
تلخ,0,,,
تنبل,0,,,
تندمزه,0,,,
تنک,0,,,
تنگ چشمی,0,,,
تنگ حال,0,,,
تنگساری,0,,,
تنها,0,,,
تهم,0,,,
تو دل برو,0,,,
توابع,0,,,
تور,0,,,
توسعه‌طلبی,0,,,
توسن,0,,,
تولک,0,,,
تی,0,,,
تیب,0,,,
تیره,0,,,
تیموک,0,,,
جادنگو,0,,,
جادنگوی,0,,,
جادو,0,,,
جامکاری,0,,,
جانبی,0,,,
جانور,0,,,
جدا,0,,,
جداناپذیر,0,,,
جدانشونده,0,,,
جرد,0,,,
جزوع,0,,,
جستار,0,,,
جعلق,0,,,
جفته,0,,,
جفنگ,0,,,
جلبکی,0,,,
جلنبر,0,,,
جلو,0,,,
جلویز,0,,,
جماش,0,,,
جنابه,0,,,
جنبه داشتن,0,,,
جنگولک بازی,0,,,
جهانگیر,0,,,
جهود,0,,,
جوشاک,0,,,
جولاه,0,,,
جولقی,0,,,
جوله,0,,,
جولومبر,0,,,
جولیک,0,,,
جیرجیرو,0,,,
جیغو,0,,,
چاپلوس,0,,,
چارچنگولی,0,,,
چاوله,0,,,
چایش,0,,,
چایمان,0,,,
چپ,0,,,
چپل,0,,,
چپه,0,,,
چخ,0,,,
چخین,0,,,
چرا,0,,,
چرسی,0,,,
چرند,0,,,
چس خور,0,,,
چسبان,0,,,
چست,0,,,
چسنگ,0,,,
چشک,0,,,
چغاز,0,,,
چغل,0,,,
چفته,0,,,
چک,0,,,
چکنده,0,,,
چکن‌دوز,0,,,
چل,0,,,
چلسه,0,,,
چلفتی,0,,,
چلنچو,0,,,
چلنگر,0,,,
چم,0,,,
چماله,0,,,
چمچاخ,0,,,
چموش,0,,,
چنگ,0,,,
چنگلوک,0,,,
چنگوک,0,,,
چه,0,,,
چهارگوشه,0,,,
چهلم,0,,,
چول,0,,,
چیره,0,,,
حرس,0,,,
حنانه,0,,,
حوردیس,0,,,
خاب,0,,,
خارش,0,,,
خام درایی,0,,,
خامش,0,,,
خانمی,0,,,
خبایث,0,,,
خبوک,0,,,
ختمخالی,0,,,
ختنبر,0,,,
خجاره,0,,,
خجسته,0,,,
خجیر,0,,,
خدایگان,0,,,
خدایی,0,,,
خدوک,0,,,
خدیش,0,,,
خر,0,,,
خراب,0,,,
خراد,0,,,
خرست,0,,,
خرفت,0,,,
خرفهم,0,,,
خرقه باز,0,,,
خرکچی,0,,,
خرم,0,,,
خسته,0,,,
خستو,0,,,
خشته,0,,,
خشکانج,0,,,
خشنگ,0,,,
خشنو,0,,,
خشوک,0,,,
خشونت,0,,,
خشین,0,,,
خطرناک,0,,,
خفته,0,,,
خفرگ,0,,,
خفن,0,,,
خل,0,,,
خلش,0,,,
خلنگ,0,,,
خلیش,0,,,
خنزرپنزری,0,,,
خنگ,0,,,
خنیده,0,,,
خواجه,0,,,
خوالیگر,0,,,
خوانا,0,,,
خواهش,0,,,
خوست,0,,,
خوش,0,,,
خوش‌گوار,0,,,
خوهل,0,,,
خویشکار,0,,,
خیر,0,,,
خیراندیش,0,,,
خیره,0,,,
خیز,0,,,
دائم‌السفر,0,,,
دادار,0,,,
داروگر,0,,,
داستار,0,,,
داغان,0,,,
داغول,0,,,
دانشی,0,,,
دانشیک,0,,,
دانماركى,0,,,
دانی,0,,,
دبز,0,,,
دبنگ,0,,,
دبنگوز,0,,,
دبور,0,,,
دج,0,,,
دخش,0,,,
دخو,0,,,
دربایست,0,,,
درخشش,0,,,
درخور,0,,,
درخورنده,0,,,
دردو,0,,,
درستکار,0,,,
درشمیدنی,0,,,
درغوش,0,,,
درفشی,0,,,
درنگی,0,,,
درنوردیده,0,,,
درو,0,,,
درودگر,0,,,
دروگر,0,,,
درین,0,,,
دستکش,0,,,
دستگزار,0,,,
دعی,0,,,
دغ,0,,,
دغا,0,,,
دغسر,0,,,
دغول,0,,,
دفزک,0,,,
دفینه,0,,,
دکش,0,,,
دکل,0,,,
دگرآزار,0,,,
دگراندیش,0,,,
دگرپذیر,0,,,
دگرشپذیر,0,,,
دگرشناپذیر,0,,,
دگرناپذیر,0,,,
دل تُنُک,0,,,
دل تنگ,0,,,
دل نمودگی,0,,,
دلباخته,0,,,
دل‌پاک,0,,,
دلنگ,0,,,
دلنگان,0,,,
دله,0,,,
دلیر,0,,,
دم لابه,0,,,
دمر,0,,,
دند,0,,,
دنگ,0,,,
دنگال,0,,,
دنگل,0,,,
دنه,0,,,
دهان دره,0,,,
دهشت,0,,,
دهل زن,0,,,
دهل‌زن,0,,,
دهم,0,,,
دوالک باز,0,,,
دوالی,0,,,
دورو,0,,,
دوست,0,,,
دیرمدار,0,,,
رادین,0,,,
راست براست,0,,,
راسته,0,,,
راکاره,0,,,
رامشگر,0,,,
رانش,0,,,
راه راه,0,,,
راهدار,0,,,
رت,0,,,
رحیم,0,,,
رخ,0,,,
رخشان,0,,,
رژد,0,,,
رس,0,,,
رستنی,0,,,
رسمی,0,,,
رشک,0,,,
رشمند,0,,,
رشنیق,0,,,
رضوی,0,,,
رضویه,0,,,
رفتار,0,,,
رفتگر,0,,,
رم,0,,,
رمش,0,,,
رنجش,0,,,
رندانه,0,,,
رهایش,0,,,
رهیافت,0,,,
رو داشتن,0,,,
روارو,0,,,
روارو زدن,0,,,
روان‌دوست,0,,,
روانی,0,,,
رودربایستی,0,,,
رودگر,0,,,
روستیک,0,,,
روسی,0,,,
روش,0,,,
روشان,0,,,
رویش,0,,,
ریث,0,,,
ریخته‌گر,0,,,
ریدمان,0,,,
ریسه,0,,,
ریشخند,0,,,
ریغماسی,0,,,
ریغو,0,,,
ریمن,0,,,
زابرا,0,,,
زاد,0,,,
زاری,0,,,
زاغول,0,,,
زاغولو,0,,,
زال,0,,,
زاو,0,,,
زایش,0,,,
زایمان,0,,,
زبل,0,,,
زپرتی,0,,,
زجه,0,,,
زدر,0,,,
زر,0,,,
زربفت,0,,,
زرد,0,,,
زردشتی,0,,,
زردنبو,0,,,
زرنگ,0,,,
زرینه,0,,,
زشت,0,,,
زفت,0,,,
زق زقو,0,,,
زمستان خواب,0,,,
زمین خیز,0,,,
زن بر,0,,,
زنج,0,,,
زند,0,,,
زنده,0,,,
زندیک,0,,,
زنهاری,0,,,
زنویه,0,,,
زه,0,,,
زهه,0,,,
زوار,0,,,
زوش,0,,,
زيبا,0,,,
زیرک,0,,,
زیغگر,0,,,
ژکاره,0,,,
ژکور,0,,,
ژنده,0,,,
ژیان,0,,,
ژیرا,0,,,
سابری,0,,,
سابوره,0,,,
ساجگون,0,,,
ساچی,0,,,
ساخت و ساز,0,,,
ساختمان,0,,,
ساد,0,,,
سادیست,0,,,
سارا,0,,,
ساربان,0,,,
سازش,0,,,
ساسی,0,,,
سالوس,0,,,
سالوک,0,,,
ساو,0,,,
ساویز,0,,,
سایه آمیز,0,,,
سبز,0,,,
سبکدل,0,,,
سپاهی,0,,,
سپهسالار,0,,,
سپید,0,,,
ستا,0,,,
ستان,0,,,
ستایشگر,0,,,
ستبر,0,,,
سترون,0,,,
ستنبه,0,,,
سته,0,,,
ستیغ,0,,,
سحابی,0,,,
سخ,0,,,
سخاوتمند,0,,,
سراکوفت,0,,,
سراکونی,0,,,
سرایه,0,,,
سرتق,0,,,
سرخابی,0,,,
سردستی,0,,,
سرزده,0,,,
سرزنش,0,,,
سرکش,0,,,
سرگشاده,0,,,
سزا,0,,,
سعيد,0,,,
سعید,0,,,
سغبه,0,,,
سفارش,0,,,
سفت گر,0,,,
سفته,0,,,
سفید,0,,,
سق سیاه,0,,,
سکیزه,0,,,
سگالش,0,,,
سلندر,0,,,
سماکار,0,,,
سنجش,0,,,
سندره,0,,,
سهر,0,,,
سهی,0,,,
سواره,0,,,
سواری,0,,,
سوتام,0,,,
سودازده,0,,,
سوزش,0,,,
سوزه,0,,,
سوسول,0,,,
سوم,0,,,
سیاسی,0,,,
سیاه,0,,,
سیاه کار,0,,,
سیب,0,,,
سیز,0,,,
سیغ,0,,,
سیم زده,0,,,
سیمینه,0,,,
سین جیم,0,,,
سینه خیز,0,,,
سینه‌پوش,0,,,
سیه کار,0,,,
سیه کاسه,0,,,
شامگاهی,0,,,
شاهرودی,0,,,
شایسته,0,,,
شب تاز,0,,,
شبست,0,,,
شبکوک,0,,,
شتا,0,,,
شتره,0,,,
شخش,0,,,
شرجی,0,,,
شرزه,0,,,
شرنبه,0,,,
شفت,0,,,
شفک,0,,,
شکارگر,0,,,
شکارگیر,0,,,
شکاری,0,,,
شکمی,0,,,
شکیبا,0,,,
شگرف,0,,,
شگفتن,0,,,
شلف,0,,,
شماره گذاری,0,,,
شماگنده,0,,,
شمالی,0,,,
شناس,0,,,
شندر,0,,,
شنگ,0,,,
شنگول,0,,,
شنود,0,,,
شهره,0,,,
شهروا,0,,,
شهم,0,,,
شهی,0,,,
شوخ,0,,,
شور,0,,,
شور واشور,0,,,
شورش,0,,,
شوشتری,0,,,
شیبا,0,,,
شید,0,,,
شیدا,0,,,
شیرین,0,,,
شیطانی,0,,,
صاغ,0,,,
صافکار,0,,,
صد‌در‌صد,0,,,
صرخ,0,,,
صرعی,0,,,
صرعیان,0,,,
طاس,0,,,
طرفیت,0,,,
عاشر,0,,,
عالم,0,,,
عرب,0,,,
عرقه,0,,,
عطوفت,0,,,
عفج,0,,,
علی,0,,,
غاتی,0,,,
غازغاز,0,,,
غازی,0,,,
غاش,0,,,
غامی,0,,,
غت,0,,,
غد,0,,,
غر,0,,,
غراچه,0,,,
غرتشن,0,,,
غرتی,0,,,
غرچک,0,,,
غرچه,0,,,
غرچی,0,,,
غرش,0,,,
غرشمار,0,,,
غرقه,0,,,
غرنبش,0,,,
غرنبه,0,,,
غرند,0,,,
غش,0,,,
غفج کردن,0,,,
غک,0,,,
غلچه,0,,,
غلیفی,0,,,
غنج,0,,,
غند,0,,,
غنده,0,,,
غنو,0,,,
غوچه,0,,,
غور,0,,,
غوشت,0,,,
غوله,0,,,
غیر‌اصولی,0,,,
فارس,0,,,
فارسی,0,,,
فافا,0,,,
فاوا,0,,,
فتال,0,,,
فج,0,,,
فخت,0,,,
فرادا,0,,,
فرارون,0,,,
فرافکنی,0,,,
فرانسوی,0,,,
فراهم,0,,,
فربی,0,,,
فرتوت,0,,,
فرخ,0,,,
فرخال,0,,,
فرخج,0,,,
فرخنده,0,,,
فرخو,0,,,
فرزام,0,,,
فرزان,0,,,
فرغند,0,,,
فرغنده,0,,,
فرغیش,0,,,
فرمایش,0,,,
فرناس,0,,,
فرهام,0,,,
فرهنجه,0,,,
فروده,0,,,
فروزش,0,,,
فروقه,0,,,
فریبان,0,,,
فریبش,0,,,
فریش,0,,,
فزاک,0,,,
فزه,0,,,
فزونی,0,,,
فژه,0,,,
فشارگردیک,0,,,
فغاک,0,,,
فکسنی,0,,,
فگار,0,,,
فگال,0,,,
فلاد,0,,,
فلاده,0,,,
فنج,0,,,
فنقلی,0,,,
فنلاندی,0,,,
فنی,0,,,
فهل,0,,,
قاقاله,0,,,
قایم,0,,,
قداره بندی,0,,,
قر,0,,,
قرت,0,,,
قرتی,0,,,
قرص,0,,,
قرمز,0,,,
قزل,0,,,
قزللو,0,,,
قزلو,0,,,
قزمیت,0,,,
قسر,0,,,
قشنگ,0,,,
قلاب دوزی,0,,,
قلتبان,0,,,
قلتبانی,0,,,
قلتشن,0,,,
قلقلی,0,,,
قلنبه,0,,,
قمارباز,0,,,
قمصور,0,,,
قناس,0,,,
قهر,0,,,
قهرمان,0,,,
قومش,0,,,
قیپ,0,,,
کاتوزی,0,,,
کاج,0,,,
کارافتاده,0,,,
کارایی,0,,,
کاربرد,0,,,
کارپرداز,0,,,
کارکن,0,,,
کارگر,0,,,
کاژ,0,,,
کاسه گر,0,,,
کاغه,0,,,
کافوربیز,0,,,
کال,0,,,
کالبو,0,,,
کالم,0,,,
کالوس,0,,,
کالیو,0,,,
کانا,0,,,
کاهش,0,,,
کاواک,0,,,
کاوک,0,,,
کاووس,0,,,
کاویان,0,,,
کبود,0,,,
کبوس,0,,,
کپکی,0,,,
کتبی,0,,,
کتره,0,,,
کتره ای,0,,,
کتروم,0,,,
کتکار,0,,,
کتنبر,0,,,
کتنبل,0,,,
کج,0,,,
کج دار مریز,0,,,
کج رفتار,0,,,
کج و کوله,0,,,
کچل,0,,,
کذر,0,,,
کر,0,,,
کَر,0,,,
کُر,0,,,
کِر,0,,,
کرانجی,0,,,
کرپان,0,,,
کرچ,0,,,
کرخ,0,,,
کردگار,0,,,
کردگر,0,,,
کردنگ,0,,,
کرک,0,,,
کروت,0,,,
کژمژ,0,,,
کژمژزبانی,0,,,
کشامن,0,,,
کشن,0,,,
کفاش,0,,,
کل,0,,,
کلافه,0,,,
کلاهدار,0,,,
کلتبان,0,,,
کلته,0,,,
کلندر,0,,,
کله,0,,,
کله دار,0,,,
کلوک,0,,,
کلیاوه,0,,,
کلیک,0,,,
کم رو,0,,,
کم زده,0,,,
کماس,0,,,
کمپیر,0,,,
کمر بسته,0,,,
کنانه,0,,,
کنج,0,,,
کنجکاو,0,,,
کنجه,0,,,
کندا,0,,,
کنداگر,0,,,
کندله,0,,,
کندواله,0,,,
کندوکاو,0,,,
کنس,0,,,
کنسک,0,,,
کنغاله,0,,,
کنفت,0,,,
کنک,0,,,
کنگ,0,,,
که,0,,,
کها,0,,,
کهبد,0,,,
کهبل,0,,,
کهر,0,,,
کهسله,0,,,
کو,0,,,
کوپه,0,,,
کوتوله,0,,,
کوچ,0,,,
کودن,0,,,
کور خواندن,0,,,
کوز,0,,,
کوژ,0,,,
کوسان,0,,,
کوسه,0,,,
کوکی,0,,,
کولنگ,0,,,
کوله,0,,,
کومش,0,,,
کی,0,,,
کیاده,0,,,
کیچ,0,,,
کیچ کیچ,0,,,
کیفری,0,,,
کیفی,0,,,
کیل,0,,,
کین,0,,,
کیوانی,0,,,
گاری,0,,,
گازر,0,,,
گاگول,0,,,
گاله,0,,,
گامبو,0,,,
گایه,0,,,
گبر,0,,,
گبز,0,,,
گپ,0,,,
گته,0,,,
گجسته,0,,,
گچه,0,,,
گدا,0,,,
گدامنش,0,,,
گذارش,0,,,
گذاره,0,,,
گراز,0,,,
گرایش,0,,,
گربز,0,,,
گرد,0,,,
گرداس,0,,,
گردل,0,,,
گردن کلفت,0,,,
گردنگ,0,,,
گرست,0,,,
گرسنه,0,,,
گره گیر,0,,,
گروش,0,,,
گروگر,0,,,
گریزپا,0,,,
گریه,0,,,
گزارش,0,,,
گزاره,0,,,
گزاره کردن,0,,,
گزافه,0,,,
گزش,0,,,
گزیرش,0,,,
گزینش,0,,,
گژ,0,,,
گس,0,,,
گست,0,,,
گستردنی,0,,,
گسترش,0,,,
گستن,0,,,
گش,0,,,
گشاده زبان,0,,,
گشن,0,,,
گشنه,0,,,
گفت و شنود,0,,,
گفت و شنید,0,,,
گفتمان,0,,,
گل,0,,,
گلست,0,,,
گلناری,0,,,
گله مند,0,,,
گلوگیر,0,,,
گلی,0,,,
گم,0,,,
گم شده,0,,,
گناهکار,0,,,
گنجشک روزی,0,,,
گندله,0,,,
گندیده,0,,,
گنگ,0,,,
گنگلاج,0,,,
گو,0,,,
گوارشت,0,,,
گوال,0,,,
گوالش,0,,,
گواه,0,,,
گودنشین,0,,,
گوژپشت,0,,,
گوش خراش,0,,,
گوشت,0,,,
گوشتخوار,0,,,
گوشزد,0,,,
گوشور,0,,,
گول,0,,,
گویر,0,,,
گویش,0,,,
گیج,0,,,
گیدی,0,,,
گیر,0,,,
لا,0,,,
لات,0,,,
لاج,0,,,
لاده,0,,,
لاشی,0,,,
لاغر,0,,,
لاک,0,,,
لاکی,0,,,
لانه,0,,,
لبریز,0,,,
لپان,0,,,
لتره,0,,,
لجاره,0,,,
لجلاج,0,,,
لچ,0,,,
لچر,0,,,
لخشان,0,,,
لخشه,0,,,
لخلخ,0,,,
لزیر,0,,,
لس,0,,,
لست,0,,,
لش,0,,,
لشکرشکار,0,,,
لشن,0,,,
لغ,0,,,
لغزش,0,,,
لفتره,0,,,
لفجن,0,,,
لقلقو,0,,,
لک,0,,,
لکات,0,,,
لکام,0,,,
لکنته,0,,,
لم,0,,,
لمالم,0,,,
لمتر,0,,,
لنبان,0,,,
لنبر,0,,,
لنبک,0,,,
لنبه,0,,,
لنج,0,,,
لندهور,0,,,
لندوک,0,,,
لنگا,0,,,
لهاشم,0,,,
لهبله,0,,,
لهنه,0,,,
لوالوا,0,,,
لوت,0,,,
لوچ,0,,,
لوخ,0,,,
لوز,0,,,
لوش,0,,,
لوطی,0,,,
لول,0,,,
لوند,0,,,
لیان,0,,,
لیتک,0,,,
لیم,0,,,
لیوه,0,,,
مات,0,,,
ماخ,0,,,
مادر,0,,,
ماده‌گرا,0,,,
ماردی,0,,,
ماری,0,,,
مازندرانی,0,,,
ماشینی,0,,,
مافنگی,0,,,
ماکول,0,,,
ماله,0,,,
ماهوار,0,,,
مبارک,0,,,
متفاوت,0,,,
مجازی,0,,,
مچاله,0,,,
مچل,0,,,
مچول,0,,,
محکوم,0,,,
مرخشه,0,,,
مرد,0,,,
مردرند,0,,,
مردم پسند,0,,,
مردم سالاری,0,,,
مردمی,0,,,
مردنی,0,,,
مرس,0,,,
مروزی,0,,,
مس,0,,,
مستانه,0,,,
مسقره,0,,,
مشت,0,,,
مشتی,0,,,
مشدی,0,,,
مشکوک,0,,,
مشنگ,0,,,
مشهدی,0,,,
معاود,0,,,
مغلظ,0,,,
مغولی,0,,,
مفتقد,0,,,
مفینه,0,,,
مقیر,0,,,
مگو,0,,,
ملس,0,,,
ملنگ,0,,,
ملوان,0,,,
ملوس,0,,,
ملول,0,,,
منبل,0,,,
مندبور,0,,,
مندخانی,0,,,
مندور,0,,,
منگ,0,,,
منگل,0,,,
منگول,0,,,
مهربان,0,,,
مهربخت,0,,,
مهره باز,0,,,
مهفام,0,,,
مهندم,0,,,
مهوار,0,,,
مهوش,0,,,
موازی,0,,,
موچل,0,,,
موچول,0,,,
مورب,0,,,
موش,0,,,
مولا,0,,,
مولش,0,,,
مومیایی,0,,,
مویه,0,,,
می خوش,0,,,
میانجی,0,,,
میخکوب,0,,,
میز,0,,,
میگون,0,,,
مینافام,0,,,
ناآهار,0,,,
ناباب,0,,,
نابکار,0,,,
نابنوا,0,,,
نابهره,0,,,
نابهنجار,0,,,
نابود,0,,,
نابینا,0,,,
ناپدید,0,,,
ناپرهیزی,0,,,
ناپسند,0,,,
ناتمام,0,,,
ناتو,0,,,
ناجنس,0,,,
ناجور,0,,,
ناخواسته,0,,,
ناخوش,0,,,
ناداشت,0,,,
نادان,0,,,
نادرست,0,,,
نادرویش,0,,,
نارنجی,0,,,
نازا,0,,,
نازش,0,,,
نازی,0,,,
ناساز,0,,,
ناسپاس,0,,,
ناسره,0,,,
ناسزا,0,,,
ناسگالیده,0,,,
ناشتا,0,,,
ناشنا,0,,,
ناشناس,0,,,
ناشو,0,,,
نافرجام,0,,,
نافرمان,0,,,
ناک,0,,,
ناکار,0,,,
ناکام,0,,,
ناکس,0,,,
ناگوار,0,,,
نالانی,0,,,
نالش,0,,,
نالوطی,0,,,
نام بردار,0,,,
نامادری,0,,,
نامدار,0,,,
نامرد,0,,,
نامور,0,,,
نامویه,0,,,
ناناز,0,,,
نانوا,0,,,
نانورد,0,,,
نانیوشان,0,,,
ناهار,0,,,
ناهمامون,0,,,
ناهمساویک,0,,,
ناهم‌مون,0,,,
ناهموار,0,,,
ناهنجار,0,,,
ناویژه,0,,,
نایافت,0,,,
نپاهش‌پذیر,0,,,
نپاهشی,0,,,
نپاهیدنی,0,,,
نتربوق,0,,,
نجاح,0,,,
نجند,0,,,
نخست,0,,,
نخیز,0,,,
ندار,0,,,
نراد,0,,,
نرم‌افزام,0,,,
نرمه,0,,,
نروژى,0,,,
نروک,0,,,
نرینه,0,,,
نزاکت,0,,,
نزان,0,,,
نژاده,0,,,
نژند,0,,,
نسپاس,0,,,
نستوه,0,,,
نسو,0,,,
نسود,0,,,
نشمه,0,,,
نشو,0,,,
نغاک,0,,,
نغوشه,0,,,
نغول,0,,,
نفام,0,,,
نفله,0,,,
نقلیه,0,,,
نکو,0,,,
نکوهش,0,,,
نگار,0,,,
نگارش,0,,,
نگد,0,,,
نگر,0,,,
نگرش,0,,,
نگوسار,0,,,
نگون,0,,,
نلم,0,,,
نمناک,0,,,
نمونش,0,,,
نمید,0,,,
ننر,0,,,
نهمار,0,,,
نو,0,,,
نوازش,0,,,
نوانی,0,,,
نوچ,0,,,
نوروزی,0,,,
نوستالژی,0,,,
نوشاد,0,,,
نوشت,0,,,
نوشنجه,0,,,
نوشه,0,,,
نوشین,0,,,
نوکر,0,,,
نومید,0,,,
نیازمند,0,,,
نیو,0,,,
نیوشیدن,0,,,
هاتول,0,,,
هاج,0,,,
هار,0,,,
هاروهور,0,,,
هاف هافو,0,,,
هاموار,0,,,
هامی,0,,,
هپرو,0,,,
هپل وهپو,0,,,
هج,0,,,
هجیر,0,,,
هده,0,,,
هراس ناک,0,,,
هراش,0,,,
هراش هراش,0,,,
هردمبیل,0,,,
هرز,0,,,
هرفت,0,,,
هزاک,0,,,
هستو,0,,,
هشلهف,0,,,
هشنگ,0,,,
هشوار,0,,,
هشومند,0,,,
هشیار,0,,,
هشیوار,0,,,
هفهفو,0,,,
هکف,0,,,
هلاشم,0,,,
هلاهل,0,,,
هلاهلا,0,,,
هلپند,0,,,
هلندی,0,,,
هم آواز,0,,,
هم بازی,0,,,
هم بستر,0,,,
هم پالکی,0,,,
هم پشت,0,,,
هم پیاله,0,,,
هم پیمان,0,,,
هم تازیانه,0,,,
هم تک,0,,,
هم چشم,0,,,
هم چنان,0,,,
هم چند,0,,,
هم داستان,0,,,
هم ریش,0,,,
هم زانو,0,,,
هم زلف,0,,,
هم شکم,0,,,
هم شهری,0,,,
هم کاسه,0,,,
هم کت,0,,,
هم گوشه,0,,,
همامون,0,,,
هماننده,0,,,
هماور,0,,,
هماورد,0,,,
همایون,0,,,
همباز,0,,,
همبر,0,,,
همپک,0,,,
همدست,0,,,
همزاد,0,,,
همزی,0,,,
همسایه,0,,,
همسر,0,,,
همسنجشی,0,,,
همسنجیک,0,,,
همگنان,0,,,
هم‌مرکز,0,,,
هم‌مون,0,,,
همه‌جانبه,0,,,
هنایش,0,,,
هنباز,0,,,
هنجام,0,,,
هنرپیشه,0,,,
هنرمند,0,,,
هواسیده,0,,,
هواگیر,0,,,
هوچی,0,,,
هودر,0,,,
هویدا,0,,,
هیراد,0,,,
هیز,0,,,
وا,0,,,
واپسگرا,0,,,
واپسین,0,,,
واتگر,0,,,
واج,0,,,
وادار,0,,,
وارسی,0,,,
وارونه,0,,,
وارونی,0,,,
واریز,0,,,
واز,0,,,
واژگون,0,,,
واژون,0,,,
واکاویک,0,,,
واکنش,0,,,
واگردان,0,,,
واگوی,0,,,
واگویه,0,,,
والا,0,,,
وایا,0,,,
وایست,0,,,
وجاء,0,,,
وحیده,0,,,
وراج,0,,,
ورانداز,0,,,
ورت,0,,,
ورخج,0,,,
وردست,0,,,
ورزش,0,,,
ورزیدگی,0,,,
ورساز,0,,,
ورفان,0,,,
ورنا,0,,,
ورنج,0,,,
وریب,0,,,
وزش,0,,,
وزوزی,0,,,
وستاد,0,,,
وسن,0,,,
وسناد,0,,,
وش,0,,,
وشت,0,,,
وشکول,0,,,
وشناد,0,,,
وغست,0,,,
وغیش,0,,,
ولو,0,,,
ونگ,0,,,
وه,0,,,
ویدا,0,,,
ویران,0,,,
ویرایش,0,,,
ویلان,0,,,
یاب,0,,,
یازه,0,,,
یافه,0,,,
یالمند,0,,,
یاور,0,,,
یاوه,0,,,
یتاقی,0,,,
یخلا بودن,0,,,
یشمی,0,,,
یک بخته,0,,,
یک پهلو,0,,,
یکپارچه,0,,,
یکدست,0,,,
یکدستی,0,,,
یکدش,0,,,
یکرنگ,0,,,
یکسو شدن,0,,,
یکسوار,0,,,
یکسون,0,,,
یکی یکدانه,0,,,
یگونه,0,,,
یل,0,,,
یله,0,,,